{
  "Vancouver":0.07731340368693808,
  "Calgary":0.05031086827797814,
  "Toronto":0.054135438790956544,
  "Montréal":0.06619776633379167,
  "Richmond":0.044878460025291556,
  "Surrey":0.06792653031356335,
  "Burnaby":0.0497247846973726
}